{"stats":{"minecraft:killed":{"minecraft:chicken":1},"minecraft:dropped":{"minecraft:feather":1,"minecraft:birch_log":2,"minecraft:endermite_spawn_egg":18},"minecraft:picked_up":{"minecraft:birch_log":3,"minecraft:feather":1,"minecraft:chicken":1,"minecraft:endermite_spawn_egg":18,"minecraft:oak_log":2},"minecraft:custom":{"minecraft:time_since_rest":13146,"minecraft:damage_taken":130,"minecraft:play_time":18936,"minecraft:sprint_one_cm":7329,"minecraft:walk_one_cm":10936,"minecraft:deaths":2,"minecraft:sneak_time":8,"minecraft:mob_kills":1,"minecraft:drop":21,"minecraft:jump":103,"minecraft:damage_dealt":40,"minecraft:leave_game":3,"minecraft:time_since_death":13097,"minecraft:total_world_time":18936,"minecraft:fall_one_cm":3321,"minecraft:fly_one_cm":39365},"minecraft:used":{"minecraft:parrot_spawn_egg":7},"minecraft:mined":{"minecraft:short_grass":4,"minecraft:oak_log":2,"minecraft:grass_block":1,"minecraft:birch_log":2,"minecraft:birch_leaves":2,"minecraft:oak_leaves":1}},"DataVersion":3953}