{"stats":{"minecraft:dropped":{"minecraft:feather":1,"minecraft:spruce_boat":1,"minecraft:birch_log":2,"minecraft:endermite_spawn_egg":18},"minecraft:used":{"minecraft:spruce_boat":1,"minecraft:mace":2,"minecraft:parrot_spawn_egg":7},"minecraft:killed":{"minecraft:pig":1,"minecraft:chicken":1,"minecraft:cow":1},"minecraft:picked_up":{"minecraft:birch_log":3,"minecraft:feather":1,"minecraft:chicken":1,"minecraft:spruce_boat":1,"minecraft:endermite_spawn_egg":18,"minecraft:beef":1,"minecraft:porkchop":1,"minecraft:oak_log":2},"minecraft:custom":{"minecraft:time_since_rest":45483,"minecraft:damage_taken":130,"minecraft:sprint_one_cm":16549,"minecraft:play_time":51273,"minecraft:walk_one_cm":25732,"minecraft:deaths":2,"minecraft:sneak_time":77,"minecraft:walk_under_water_one_cm":5702,"minecraft:mob_kills":3,"minecraft:drop":22,"minecraft:boat_one_cm":22099,"minecraft:jump":187,"minecraft:damage_dealt":394,"minecraft:leave_game":10,"minecraft:walk_on_water_one_cm":1099,"minecraft:time_since_death":45434,"minecraft:total_world_time":51273,"minecraft:swim_one_cm":706,"minecraft:fall_one_cm":3321,"minecraft:fly_one_cm":79899},"minecraft:mined":{"minecraft:short_grass":4,"minecraft:grass_block":1,"minecraft:oak_log":2,"minecraft:birch_log":2,"minecraft:birch_leaves":2,"minecraft:oak_leaves":1}},"DataVersion":3953}