{"stats":{"minecraft:picked_up":{"minecraft:birch_log":3,"minecraft:feather":3,"minecraft:chicken":2,"minecraft:spruce_boat":1,"minecraft:beef":1,"minecraft:endermite_spawn_egg":18,"minecraft:porkchop":69,"minecraft:oak_log":2,"minecraft:gunpowder":2},"minecraft:dropped":{"minecraft:feather":1,"minecraft:spruce_boat":1,"minecraft:birch_log":2,"minecraft:endermite_spawn_egg":18},"minecraft:killed":{"minecraft:pig":4,"minecraft:creeper":1,"minecraft:chicken":2,"minecraft:cow":1},"minecraft:custom":{"minecraft:time_since_rest":51887,"minecraft:damage_taken":130,"minecraft:sprint_one_cm":22852,"minecraft:crouch_one_cm":3,"minecraft:play_time":57677,"minecraft:walk_one_cm":32347,"minecraft:deaths":2,"minecraft:sneak_time":114,"minecraft:walk_under_water_one_cm":6326,"minecraft:mob_kills":8,"minecraft:drop":22,"minecraft:boat_one_cm":22099,"minecraft:jump":268,"minecraft:damage_dealt":874,"minecraft:leave_game":12,"minecraft:time_since_death":51838,"minecraft:walk_on_water_one_cm":1385,"minecraft:total_world_time":57677,"minecraft:swim_one_cm":1788,"minecraft:fall_one_cm":3321,"minecraft:fly_one_cm":89533},"minecraft:mined":{"minecraft:short_grass":4,"minecraft:oak_log":2,"minecraft:grass_block":1,"minecraft:birch_log":2,"minecraft:birch_leaves":2,"minecraft:oak_leaves":1},"minecraft:used":{"minecraft:spruce_boat":1,"minecraft:mace":7,"minecraft:pig_spawn_egg":31,"minecraft:parrot_spawn_egg":7}},"DataVersion":3953}