{"stats":{"minecraft:killed":{"minecraft:chicken":1},"minecraft:mined":{"minecraft:short_grass":4,"minecraft:oak_log":2,"minecraft:grass_block":1,"minecraft:birch_log":2,"minecraft:birch_leaves":2,"minecraft:oak_leaves":1},"minecraft:used":{"minecraft:parrot_spawn_egg":7},"minecraft:picked_up":{"minecraft:birch_log":3,"minecraft:feather":1,"minecraft:chicken":1,"minecraft:endermite_spawn_egg":18,"minecraft:oak_log":2},"minecraft:custom":{"minecraft:time_since_rest":26557,"minecraft:damage_taken":130,"minecraft:play_time":32347,"minecraft:sprint_one_cm":9677,"minecraft:walk_one_cm":13578,"minecraft:deaths":2,"minecraft:sneak_time":8,"minecraft:walk_under_water_one_cm":4490,"minecraft:mob_kills":1,"minecraft:drop":21,"minecraft:jump":123,"minecraft:damage_dealt":60,"minecraft:walk_on_water_one_cm":211,"minecraft:leave_game":5,"minecraft:time_since_death":26508,"minecraft:total_world_time":32347,"minecraft:fall_one_cm":3321,"minecraft:fly_one_cm":56215},"minecraft:dropped":{"minecraft:feather":1,"minecraft:birch_log":2,"minecraft:endermite_spawn_egg":18}},"DataVersion":3953}